owner_id,owner_name,owner_surname,owner_phone,owner_email
1,Seth,Robertson,(654) 699-8464,rilovope@votujif.ye
2,Ruby,Reeves,(377) 551-9251,geh@odu.cr
3,Loretta,Gutierrez,(424) 948-3897,tijurvaz@le.sx
4,Jayden,Bowman,(353) 586-7729,ciruniv@si.dm
5,James,Snyder,(430) 784-1798,cegvascak@im.gm
6,Irene,Rowe,(972) 654-9370,havet@poiju.bh
7,Delia,Hampton,(584) 349-4070,hif@ju.tw
8,Lizzie,Haynes,(310) 503-6630,nibolaut@hejnolig.ba
9,Wesley,Vaughn,(959) 272-2592,edommi@rocmuw.net
10,Bessie,Ford,(968) 520-1467,me@vezal.bi
11,Cameron,Banks,(421) 907-8483,zama@cimena.tm
12,Eliza,McKenzie,(806) 207-6788,fawkaw@uko.by
13,Kenneth,Allison,(236) 876-4323,jaznivsu@ci.wf
14,Gabriel,Cannon,(402) 213-8965,wizdaos@toopjis.uy
15,Ricky,Ramirez,(374) 350-2197,vucu@ri.io
16,Cecelia,Walker,(934) 369-7950,vuzga@kuh.an
17,Vincent,Roberts,(745) 945-6066,secfu@hiage.ir
18,Lucille,Torres,(564) 962-9515,zason@voz.cr
19,Eddie,Yates,(732) 826-6620,onisuk@oluup.io
20,Johnny,Norton,(325) 656-7349,hu@jauviega.mv
21,Alejandro,Reynolds,(534) 303-5641,sunla@buerugan.sj
22,Stanley,Jennings,(264) 724-1386,egowu@wofihim.lt
23,Minerva,Sims,(455) 644-1495,ma@meti.jp
24,Annie,Brown,(835) 855-7452,zekep@wasizla.sy
25,Harry,Lee,(787) 237-4678,jowiuz@dapudi.nr
26,Katie,Beck,(566) 558-6243,dujtuta@nu.vn
27,Miguel,Collier,(558) 692-6589,zuv@ihadod.gr
28,Julia,Gibson,(758) 578-8802,buhaszec@ohuvivwo.mq
29,Albert,Hoffman,(665) 790-5666,onge@fog.ua
30,Philip,Watkins,(562) 388-9721,baztiknuf@ti.ca
31,Violet,Briggs,(658) 783-5520,vuviros@iwcagoga.ve
32,Minerva,Sparks,(415) 631-3899,tu@cajacpoj.td
33,Jim,Newman,(900) 713-8195,rake@debudif.eh
34,Jay,Hall,(609) 355-9818,bagi@dispac.do
35,Louise,Drake,(377) 354-9652,ukaco@geh.ga
36,Lulu,Morales,(313) 825-8124,guvib@ne.mq
37,Elnora,Craig,(426) 767-7643,jebbol@jetiv.bf
38,John,Bell,(729) 801-6784,eraka@rujfo.eg
39,Paul,Hunt,(318) 380-3109,walvam@tadtirew.gn
40,Christine,Pratt,(936) 566-4131,curawupu@cel.sl
41,Ida,Miles,(953) 380-1215,rauh@zi.vn
42,Hannah,Simpson,(589) 413-3127,duvab@lu.bz
43,Sean,Lucas,(259) 204-6655,he@avpah.ai
44,Todd,Beck,(457) 871-6131,itrun@kagsug.lt
45,Iva,Gill,(571) 457-9571,dod@ki.ly
46,Dorothy,King,(603) 568-3288,ekomuzdu@ci.lt
47,Jeff,Brown,(924) 953-1201,sos@pite.vn
48,Gregory,Greer,(576) 294-9962,nelekri@pu.ng
49,Dale,Cook,(512) 968-1779,efjo@ewameire.tg
50,Chase,Todd,(707) 508-2941,veh@ko.eu
51,Maud,Graham,(660) 555-5056,nowfekud@nub.ba
52,George,Mack,(428) 370-2845,ru@vefop.pa
53,Matthew,Watts,(549) 930-7679,vabvib@vajtofma.mn
54,Jonathan,Lawrence,(327) 625-2759,kijras@sufu.tz
55,Harry,Steele,(566) 901-2629,idoen@oge.cz
56,Stanley,Taylor,(936) 859-8874,cozkecfok@tol.kh
57,Tillie,Shelton,(566) 346-6155,polboem@zij.sj
58,Elmer,Murray,(631) 424-2993,vu@sahoge.do
59,Myrtle,McGuire,(558) 358-8114,regvizut@dohetlir.bs
60,Cole,Sutton,(267) 886-1133,ahiw@azafa.fr
61,Ina,Bryant,(951) 827-8482,ki@mofbo.cw
62,Lillian,Lowe,(278) 259-7502,gabuksi@himcusfu.ni
63,Arthur,Goodwin,(725) 704-7126,iw@siufe.ml
64,Isabella,Baldwin,(422) 544-9206,le@hebunirog.zm
65,Elnora,Perkins,(262) 408-8839,guv@jego.bz
66,Elnora,Robinson,(210) 846-1789,do@etu.tl
67,Manuel,Mathis,(926) 737-7616,wuvaw@wij.uk
68,Inez,Cook,(636) 702-9186,jo@kagij.ke
69,Lottie,Grant,(324) 829-5618,wo@efo.gh
70,Thomas,Steele,(574) 930-2126,lihjiz@loh.mq
71,Maria,Bailey,(526) 877-8674,uvuiwarab@lultafit.dm
72,Callie,Harmon,(579) 600-4852,iddub@deb.ne
73,Dora,Morton,(769) 616-4092,mabivu@ve.cm
74,Alex,Torres,(881) 307-6677,benazibo@kapni.to
75,Francis,Burke,(969) 642-9404,re@gebona.sr
76,Eva,Powell,(447) 687-1093,wagviwe@veh.sv
77,Dale,Long,(469) 367-8721,wovotfe@mojrep.au
78,Carlos,Dean,(935) 933-3284,tarof@vogwonu.pn
79,Walter,Dunn,(531) 469-1378,huv@wu.ec
80,Lula,Watkins,(336) 654-7205,waeno@ru.tp
81,Mamie,Moody,(322) 572-2400,gomhikte@feppu.cv
82,Harvey,Shaw,(945) 859-8869,loshezop@ge.mq
83,Gussie,Christensen,(978) 811-6367,fi@uzidu.ne
84,Claudia,Rivera,(923) 379-9563,boz@legco.my
85,Lloyd,Bridges,(574) 934-8848,vocadfum@picla.hn
86,Dean,Elliott,(816) 706-8367,kamadge@rar.mw
87,Amanda,Pittman,(564) 273-4856,sogug@culoz.fj
88,Trevor,Haynes,(737) 941-3763,asowi@as.co.uk
89,Jorge,Nichols,(908) 840-1085,woguzvot@ijfu.kz
90,Alex,Olson,(600) 396-9315,simoz@ganij.aq
91,Ida,Jackson,(609) 861-3318,nilsunhaz@dunu.mw
92,Caleb,Williams,(531) 721-2651,idu@afaruveh.vg
93,Angel,McGuire,(819) 846-5360,amodolse@bicoto.ye
94,Alta,Phelps,(930) 310-3724,unaufebe@ajhoti.as
95,Lydia,Walker,(459) 841-2873,uvo@zucejuj.al
96,Rebecca,Alvarado,(779) 616-8739,lejodlum@ehu.bz
97,Hettie,Freeman,(622) 800-8293,baitiev@megokco.om
98,Carlos,Newman,(603) 806-2817,bele@ahewuh.cz
99,Mabel,Berry,(363) 581-2180,jocpov@ibabowi.tv
100,Oscar,George,(332) 851-7573,kigjocodo@pibajce.tk
101,Erik,Bryan,(756) 992-3901,uzikugvul@coli.tp
102,Marc,Munoz,(358) 366-8882,fulle@hic.sv
103,Lucinda,Patrick,(808) 251-4421,cetfih@fajuh.fm
104,Bradley,White,(801) 510-2193,birti@pebozni.ky
105,Harold,Ball,(946) 514-8496,aziden@ehezon.aw
106,Keith,Caldwell,(671) 280-6163,geisoro@iga.pf
107,Clifford,Wolfe,(688) 270-5182,amajoget@id.ar
108,Marian,Ryan,(816) 532-9632,tepcul@pica.se
109,Edwin,Johnston,(358) 524-1707,ezuverjok@no.gi
110,Mae,Francis,(278) 452-1241,igi@ci.gi
111,Mattie,Wright,(381) 666-7544,detug@iba.ck
112,Edward,Powers,(762) 574-4766,jomure@nudib.bm
113,Luella,Green,(352) 499-1461,bacospav@ropew.bm
114,Harry,Johnston,(908) 584-3179,vi@ciw.cr
115,Shawn,Newman,(321) 373-7189,tolamo@kuzriw.tk
116,Mathilda,Chandler,(486) 307-5278,fosnukob@petefi.tl
117,Lucy,Alexander,(800) 613-7913,et@vo.an
118,Elnora,Hill,(335) 769-4613,turtiv@za.ma
119,Alejandro,Santos,(676) 678-1118,dup@rispotjoc.lc
120,Aiden,Fuller,(764) 267-7220,vatalik@sunmuzuf.eh
